AUDITORIAS AMBIENTALES;BUREAU VERITAS FORMACION;2009;363.7;B 952;14251
TOPOGRAFIA;DANTE ALCANTARA GARCIA;1990;526.9;A 347;639
TOPOGRAFIA;DANTE ALCANTARA GARCIA;1990;526.9;A 347;642
TOPOGRAFIA;DANTE ALCANTARA GARCIA;1990;526.9;A 347;8041
INTRODUCCION A LA TOPOGRAFIA;JAMES M. ANDERSON;1987;526.9;A 547;2854
INTRODUCCION A LA TOPOGRAFIA;JAMES M. ANDERSON;1987;526.9;A 547;2856
TOPOGRAFIA ELEMENTAL;RUSSELL C. BRINKER;1969;526.9;B 858;2850
PRACTICAS DE TOPOGRAFIA, CARTOGRAFIA, FOTOGRAMETRIA;FRANCISCO VALDES DOMENECH;1989;526.9;V 145;2154
TOPOGRAFIA;FRANCISCO VALDES DOMENECH;1993;526.9;V 145;16526
INTRODUCCION A LA TOPOGRAFIA;JAMES R. WIRSHING;1987;526.9;W 799;2160
TOPOGRAFIA;PAUL R. WOLF;1997;526.9;W 854t;12027
TOPOGRAFIA;PAUL R. WOLF;2010;526.9;W 853t;13684
TOPOGRAFIA;PAUL R. WOLF;2010;526.9;W 853t;13685
TOPOGRAFIA PRACTICA;JOSE ZURITA RUIZ;1991;526.9;Z 96;2851
TOPOGRAFIA PRACTICA;JOSE ZURITA RUIZ;1991;526.9;Z 96;2851
TOPOGRAFIA PRACTICA;JOSE ZURITA RUIZ;1991;526.9;Z 96;2853
TOPOGRAFIA PRACTICA;JOSE ZURITA RUIZ;1991;526.9;Z 96;10055
